Time (s),,Inlet Molar Flow Rate (mol/s),Inlet Mole Fraction,Inlet Temperature (K),Column Pressure (kPa),Distillate Valve Lift,Column Temperature (K),Column Heat Duty (kW),Column Liquid Level (%),Bottoms Flow Rate (L/s)
-597,0,15,0.5,400,74.89045652,0.5,455.6372095,550,17.65152553,0.66
-596,1,15,0.5,400,75.00791475,0.5,455.7624306,550,17.65148513,0.66
-595,2,15,0.5,400,75.15238685,0.5,455.8852482,550,17.6512713,0.66
-594,3,15,0.5,400,75.30433667,0.5,456.0059792,550,17.65094701,0.66
-593,4,15,0.5,400,75.45709645,0.5,456.1247538,550,17.6505348,0.66
-592,5,15,0.5,400,75.60840767,0.5,456.2416382,550,17.65004332,0.66
-591,6,15,0.5,400,75.75752204,0.5,456.3566759,550,17.64947645,0.66
-590,7,15,0.5,400,75.90420862,0.5,456.4699026,550,17.64883641,0.66
-589,8,15,0.5,400,76.04841365,0.5,456.5813507,550,17.64812486,0.66
-588,9,15,0.5,400,76.19014389,0.5,456.6910512,550,17.64734321,0.66
-587,10,15,0.5,400,76.32942661,0.5,456.7990341,550,17.6464928,0.66
-586,11,15,0.5,400,76.46629582,0.5,456.905329,550,17.64557494,0.66
-585,12,15,0.5,400,76.60078754,0.5,457.0099647,550,17.64459087,0.66
-584,13,15,0.5,400,76.73293822,0.5,457.1129697,550,17.64354184,0.66
-583,14,15,0.5,400,76.86278411,0.5,457.2143718,550,17.64242906,0.66
-582,15,15,0.5,400,76.99036114,0.5,457.3141984,550,17.64125372,0.66
-581,16,15,0.5,400,77.11570483,0.5,457.4124764,550,17.64001699,0.66
-580,17,15,0.5,400,77.23885024,0.5,457.509232,550,17.63872002,0.66
-579,18,15,0.5,400,77.35983201,0.5,457.6044913,550,17.63736393,0.66
-578,19,15,0.5,400,77.47868432,0.5,457.6982797,550,17.63594985,0.66
-577,20,15,0.5,400,77.59544091,0.5,457.7906222,550,17.63447884,0.66
-576,21,15,0.5,400,77.7101351,0.5,457.8815433,550,17.63295199,0.66
-575,22,15,0.5,400,77.82279975,0.5,457.9710672,550,17.63137033,0.66
-574,23,15,0.5,400,77.93346729,0.5,458.0592175,550,17.62973491,0.66
-573,24,15,0.5,400,78.04216971,0.5,458.1460174,550,17.62804673,0.66
-572,25,15,0.5,400,78.14893858,0.5,458.2314899,550,17.62630679,0.66
-571,26,15,0.5,400,78.25380503,0.5,458.3156574,550,17.62451605,0.66
-570,27,15,0.5,400,78.35679977,0.5,458.3985418,550,17.62267549,0.66
-569,28,15,0.5,400,78.45795309,0.5,458.4801649,550,17.62078604,0.66
-568,29,15,0.5,400,78.55729485,0.5,458.5605479,550,17.61884863,0.66
-567,30,15,0.5,400,78.6548545,0.5,458.6397117,550,17.61686415,0.66
-566,31,15,0.5,400,78.75066107,0.5,458.7176769,550,17.61483351,0.66
-565,32,15,0.5,400,78.84474319,0.5,458.7944635,550,17.61275758,0.66
-564,33,15,0.5,400,78.93712907,0.5,458.8700914,550,17.61063722,0.66
-563,34,15,0.5,400,79.02784653,0.5,458.94458,550,17.60847326,0.66
-562,35,15,0.5,400,79.11692298,0.5,459.0179485,550,17.60626655,0.66
-561,36,15,0.5,400,79.20438543,0.5,459.0902156,550,17.60401789,0.66
-560,37,15,0.5,400,79.29026051,0.5,459.1613997,550,17.60172808,0.66
-559,38,15,0.5,400,79.37457445,0.5,459.2315191,550,17.5993979,0.66
-558,39,15,0.5,400,79.4573531,0.5,459.3005914,550,17.59702813,0.66
-557,40,15,0.5,400,79.53862192,0.5,459.3686341,550,17.59461953,0.66
-556,41,15,0.5,400,79.61840602,0.5,459.4356646,550,17.59217282,0.66
-555,42,15,0.5,400,79.69673009,0.5,459.5016995,550,17.58968875,0.66
-554,43,15,0.5,400,79.7736185,0.5,459.5667556,550,17.58716804,0.66
-553,44,15,0.5,400,79.84909521,0.5,459.6308491,550,17.58461137,0.66
-552,45,15,0.5,400,79.92318385,0.5,459.693996,550,17.58201945,0.66
-551,46,15,0.5,400,79.99590767,0.5,459.7562121,550,17.57939295,0.66
-550,47,15,0.5,400,80.06728958,0.5,459.8175128,550,17.57673254,0.66
-549,48,15,0.5,400,80.13735215,0.5,459.8779133,550,17.57403886,0.66
-548,49,15,0.5,400,80.20611757,0.5,459.9374286,550,17.57131257,0.66
-547,50,15,0.5,400,80.27360772,0.5,459.9960732,550,17.56855429,0.66
-546,51,15,0.5,400,80.33984413,0.5,460.0538617,550,17.56576465,0.66
-545,52,15,0.5,400,80.40484799,0.5,460.1108081,550,17.56294424,0.66
-544,53,15,0.5,400,80.46864018,0.5,460.1669265,550,17.56009367,0.66
-543,54,15,0.5,400,80.53124123,0.5,460.2222304,550,17.55721352,0.66
-542,55,15,0.5,400,80.59267137,0.5,460.2767333,550,17.55430436,0.66
-541,56,15,0.5,400,80.6529505,0.5,460.3304485,550,17.55136677,0.66
-540,57,15,0.5,400,80.7120982,0.5,460.3833888,550,17.54840129,0.66
-539,58,15,0.5,400,80.77013377,0.5,460.4355671,550,17.54540847,0.66
-538,59,15,0.5,400,80.82707616,0.5,460.4869958,550,17.54238885,0.66
-537,60,15,0.5,400,80.88294407,0.5,460.5376874,550,17.53934295,0.66
-536,61,15,0.5,400,80.93775585,0.5,460.5876538,550,17.53627128,0.66
-535,62,15,0.5,400,80.9915296,0.5,460.6369071,550,17.53317435,0.66
-534,63,15,0.5,400,81.04428311,0.5,460.6854588,550,17.53005266,0.66
-533,64,15,0.5,400,81.09603388,0.5,460.7333205,550,17.5269067,0.66
-532,65,15,0.5,400,81.14679913,0.5,460.7805035,550,17.52373694,0.66
-531,66,15,0.5,400,81.19659582,0.5,460.8270189,550,17.52054386,0.66
-530,67,15,0.5,400,81.24544061,0.5,460.8728776,550,17.51732791,0.66
-529,68,15,0.5,400,81.29334991,0.5,460.9180903,550,17.51408955,0.66
-528,69,15,0.5,400,81.34033986,0.5,460.9626675,550,17.51082923,0.66
-527,70,15,0.5,400,81.38642631,0.5,461.0066196,550,17.50754738,0.66
-526,71,15,0.5,400,81.4316249,0.5,461.0499569,550,17.50424444,0.66
-525,72,15,0.5,400,81.47595097,0.5,461.0926892,550,17.50092081,0.66
-524,73,15,0.5,400,81.51941963,0.5,461.1348265,550,17.49757693,0.66
-523,74,15,0.5,400,81.56204575,0.5,461.1763784,550,17.49421318,0.66
-522,75,15,0.5,400,81.60384392,0.5,461.2173544,550,17.49082998,0.66
-521,76,15,0.5,400,81.64482852,0.5,461.2577638,550,17.48742771,0.66
-520,77,15,0.5,400,81.6850137,0.5,461.2976159,550,17.48400676,0.66
-519,78,15,0.5,400,81.72441333,0.5,461.3369197,550,17.48056751,0.66
-518,79,15,0.5,400,81.76304111,0.5,461.375684,550,17.47711032,0.66
-517,80,15,0.5,400,81.80091046,0.5,461.4139176,550,17.47363556,0.66
-516,81,15,0.5,400,81.83803461,0.5,461.451629,550,17.47014359,0.66
-515,82,15,0.5,400,81.87442656,0.5,461.4888267,550,17.46663476,0.66
-514,83,15,0.5,400,81.91009908,0.5,461.525519,550,17.4631094,0.66
-513,84,15,0.5,400,81.94506474,0.5,461.5617139,550,17.45956787,0.66
-512,85,15,0.5,400,81.9793359,0.5,461.5974196,550,17.45601049,0.66
-511,86,15,0.5,400,82.0129247,0.5,461.6326439,550,17.45243759,0.66
-510,87,15,0.5,400,82.0458431,0.5,461.6673945,550,17.44884949,0.66
-509,88,15,0.5,400,82.07810283,0.5,461.701679,550,17.4452465,0.66
-508,89,15,0.5,400,82.10971543,0.5,461.735505,550,17.44162893,0.66
-507,90,15,0.5,400,82.14069227,0.5,461.7688797,550,17.43799709,0.66
-506,91,15,0.5,400,82.17104449,0.5,461.8018104,550,17.43435126,0.66
-505,92,15,0.5,400,82.20078307,0.5,461.8343043,550,17.43069175,0.66
-504,93,15,0.5,400,82.22991878,0.5,461.8663683,550,17.42701884,0.66
-503,94,15,0.5,400,82.25846224,0.5,461.8980093,550,17.42333281,0.66
-502,95,15,0.5,400,82.28642385,0.5,461.929234,550,17.41963394,0.66
-501,96,15,0.5,400,82.31381386,0.5,461.9600491,550,17.41592249,0.66
-500,97,15,0.5,400,82.34064234,0.5,461.9904611,550,17.41219874,0.66
-499,98,15,0.5,400,82.36691919,0.5,462.0204764,550,17.40846295,0.66
-498,99,15,0.5,400,82.39265412,0.5,462.0501014,550,17.40471537,0.66
-497,100,15,0.5,400,82.41785671,0.5,462.0793423,550,17.40095625,0.66
-496,101,15,0.5,400,82.44253634,0.5,462.1082051,550,17.39718585,0.66
-495,102,15,0.5,400,82.46670225,0.5,462.1366959,550,17.3934044,0.66
-494,103,15,0.5,400,82.49036352,0.5,462.1648206,550,17.38961214,0.66
-493,104,15,0.5,400,82.51352907,0.5,462.192585,550,17.38580931,0.66
-492,105,15,0.5,400,82.53620767,0.5,462.2199947,550,17.38199614,0.66
-491,106,15,0.5,400,82.55840793,0.5,462.2470555,550,17.37817285,0.66
-490,107,15,0.5,400,82.58013831,0.5,462.2737727,550,17.37433967,0.66
-489,108,15,0.5,400,82.60140716,0.5,462.3001519,550,17.37049681,0.66
-488,109,15,0.5,400,82.62222263,0.5,462.3261984,550,17.36664449,0.66
-487,110,15,0.5,400,82.64259276,0.5,462.3519175,550,17.36278291,0.66
-486,111,15,0.5,400,82.66252546,0.5,462.3773142,550,17.35891228,0.66
-485,112,15,0.5,400,82.68202849,0.5,462.4023937,550,17.3550328,0.66
-484,113,15,0.5,400,82.70110946,0.5,462.4271609,550,17.35114468,0.66
-483,114,15,0.5,400,82.71977588,0.5,462.4516209,550,17.3472481,0.66
-482,115,15,0.5,400,82.7380351,0.5,462.4757783,550,17.34334326,0.66
-481,116,15,0.5,400,82.75589436,0.5,462.4996379,550,17.33943035,0.66
-480,117,15,0.5,400,82.77336078,0.5,462.5232045,550,17.33550954,0.66
-479,118,15,0.5,400,82.79044134,0.5,462.5464825,550,17.33158103,0.66
-478,119,15,0.5,400,82.80714289,0.5,462.5694766,550,17.32764498,0.66
-477,120,15,0.5,400,82.82347219,0.5,462.5921911,550,17.32370157,0.66
-476,121,15,0.5,400,82.83943587,0.5,462.6146305,550,17.31975098,0.66
-475,122,15,0.5,400,82.85504043,0.5,462.6367989,550,17.31579337,0.66
-474,123,15,0.5,400,82.87029227,0.5,462.6587007,550,17.31182891,0.66
-473,124,15,0.5,400,82.88519767,0.5,462.6803401,550,17.30785775,0.66
-472,125,15,0.5,400,82.89976282,0.5,462.701721,550,17.30388006,0.66
-471,126,15,0.5,400,82.91399377,0.5,462.7228475,550,17.299896,0.66
-470,127,15,0.5,400,82.9278965,0.5,462.7437235,550,17.29590571,0.66
-469,128,15,0.5,400,82.94147684,0.5,462.764353,550,17.29190935,0.66
-468,129,15,0.5,400,82.95474057,0.5,462.7847398,550,17.28790706,0.66
-467,130,15,0.5,400,82.96769333,0.5,462.8048876,550,17.28389899,0.66
-466,131,15,0.5,400,82.98034067,0.5,462.8248001,550,17.27988529,0.66
-465,132,15,0.5,400,82.99268805,0.5,462.844481,550,17.27586608,0.66
-464,133,15,0.5,400,83.00474083,0.5,462.8639339,550,17.27184152,0.66
-463,134,15,0.5,400,83.01650427,0.5,462.8831622,550,17.26781173,0.66
-462,135,15,0.5,400,83.02798355,0.5,462.9021695,550,17.26377684,0.66
-461,136,15,0.5,400,83.03918374,0.5,462.9209592,550,17.25973699,0.66
-460,137,15,0.5,400,83.05010984,0.5,462.9395345,550,17.25569231,0.66
-459,138,15,0.5,400,83.06076676,0.5,462.9578988,550,17.25164291,0.66
-458,139,15,0.5,400,83.07115931,0.5,462.9760554,550,17.24758892,0.66
-457,140,15,0.5,400,83.08129221,0.5,462.9940073,550,17.24353047,0.66
-456,141,15,0.5,400,83.09117013,0.5,463.0117579,550,17.23946766,0.66
-455,142,15,0.5,400,83.10079762,0.5,463.0293101,550,17.23540062,0.66
-454,143,15,0.5,400,83.11017917,0.5,463.046667,550,17.23132946,0.66
-453,144,15,0.5,400,83.11931919,0.5,463.0638316,550,17.22725429,0.66
-452,145,15,0.5,400,83.128222,0.5,463.0808068,550,17.22317523,0.66
-451,146,15,0.5,400,83.13689186,0.5,463.0975955,550,17.21909237,0.66
-450,147,15,0.5,400,83.14533294,0.5,463.1142006,550,17.21500583,0.66
-449,148,15,0.5,400,83.15354934,0.5,463.1306249,550,17.21091571,0.66
-448,149,15,0.5,400,83.1615451,0.5,463.146871,550,17.20682211,0.66
-447,150,15,0.5,400,83.16932417,0.5,463.1629418,550,17.20272513,0.66
-446,151,15,0.5,400,83.17689043,0.5,463.1788399,550,17.19862487,0.66
-445,152,15,0.5,400,83.18424771,0.5,463.1945679,550,17.19452143,0.66
-444,153,15,0.5,400,83.19139976,0.5,463.2101283,550,17.1904149,0.66
-443,154,15,0.5,400,83.19835026,0.5,463.2255238,550,17.18630537,0.66
-442,155,15,0.5,400,83.20510283,0.5,463.2407568,550,17.18219294,0.66
-441,156,15,0.5,400,83.21166102,0.5,463.2558298,550,17.1780777,0.66
-440,157,15,0.5,400,83.21802832,0.5,463.2707453,550,17.17395973,0.66
-439,158,15,0.5,400,83.22420817,0.5,463.2855055,550,17.16983912,0.66
-438,159,15,0.5,400,83.23020393,0.5,463.3001128,550,17.16571595,0.66
-437,160,15,0.5,400,83.23601891,0.5,463.3145695,550,17.16159032,0.66
-436,161,15,0.5,400,83.24165635,0.5,463.328878,550,17.15746229,0.66
-435,162,15,0.5,400,83.24711945,0.5,463.3430403,550,17.15333195,0.66
-434,163,15,0.5,400,83.25241134,0.5,463.3570588,550,17.14919938,0.66
-433,164,15,0.5,400,83.25753511,0.5,463.3709355,550,17.14506466,0.66
-432,165,15,0.5,400,83.26249376,0.5,463.3846727,550,17.14092786,0.66
-431,166,15,0.5,400,83.26729028,0.5,463.3982724,550,17.13678906,0.66
-430,167,15,0.5,400,83.27192757,0.5,463.4117366,550,17.13264832,0.66
-429,168,15,0.5,400,83.27640851,0.5,463.4250673,550,17.12850573,0.66
-428,169,15,0.5,400,83.2807359,0.5,463.4382667,550,17.12436135,0.66
-427,170,15,0.5,400,83.28491251,0.5,463.4513366,550,17.12021526,0.66
-426,171,15,0.5,400,83.28894105,0.5,463.4642789,550,17.11606751,0.66
-425,172,15,0.5,400,83.29282419,0.5,463.4770956,550,17.11191817,0.66
-424,173,15,0.5,400,83.29656454,0.5,463.4897885,550,17.10776732,0.66
-423,174,15,0.5,400,83.30016467,0.5,463.5023595,550,17.10361501,0.66
-422,175,15,0.5,400,83.30362712,0.5,463.5148104,550,17.09946132,0.66
-421,176,15,0.5,400,83.30695435,0.5,463.5271429,550,17.09530629,0.66
-420,177,15,0.5,400,83.3101488,0.5,463.5393588,550,17.09115,0.66
-419,178,15,0.5,400,83.31321287,0.5,463.5514599,550,17.08699249,0.66
-418,179,15,0.5,400,83.3161489,0.5,463.5634478,550,17.08283384,0.66
-417,180,15,0.5,400,83.3189592,0.5,463.5753242,550,17.07867409,0.66
-416,181,15,0.5,400,83.32164604,0.5,463.5870908,550,17.0745133,0.66
-415,182,15,0.5,400,83.32421163,0.5,463.5987491,550,17.07035154,0.66
-414,183,15,0.5,400,83.32665817,0.5,463.6103008,550,17.06618885,0.66
-413,184,15,0.5,400,83.32898779,0.5,463.6217474,550,17.06202528,0.66
-412,185,15,0.5,400,83.33120261,0.5,463.6330905,550,17.0578609,0.66
-411,186,15,0.5,400,83.3333047,0.5,463.6443315,550,17.05369574,0.66
-410,187,15,0.5,400,83.33529609,0.5,463.6554721,550,17.04952986,0.66
-409,188,15,0.5,400,83.33717877,0.5,463.6665136,550,17.04536332,0.66
-408,189,15,0.5,400,83.3389547,0.5,463.6774576,550,17.04119615,0.66
-407,190,15,0.5,400,83.34062581,0.5,463.6883054,550,17.03702842,0.66
-406,191,15,0.5,400,83.342194,0.5,463.6990584,550,17.03286015,0.66
-405,192,15,0.5,400,83.3436611,0.5,463.709718,550,17.02869141,0.66
-404,193,15,0.5,400,83.34502896,0.5,463.7202856,550,17.02452223,0.66
-403,194,15,0.5,400,83.34629936,0.5,463.7307626,550,17.02035266,0.66
-402,195,15,0.5,400,83.34747405,0.5,463.7411501,550,17.01618274,0.66
-401,196,15,0.5,400,83.34855477,0.5,463.7514496,550,17.01201252,0.66
-400,197,15,0.5,400,83.3495432,0.5,463.7616624,550,17.00784203,0.66
-399,198,15,0.5,400,83.35044102,0.5,463.7717895,550,17.00367133,0.66
-398,199,15,0.5,400,83.35124987,0.5,463.7818325,550,16.99950044,0.66
-397,200,15,0.5,400,83.35197133,0.5,463.7917923,550,16.99532941,0.66
-396,201,15,0.5,400,83.352607,0.5,463.8016702,550,16.99115828,0.66
-395,202,15,0.5,400,83.35315843,0.5,463.8114675,550,16.98698709,0.66
-394,203,15,0.5,400,83.35362713,0.5,463.8211852,550,16.98281586,0.66
-393,204,15,0.5,400,83.35401459,0.5,463.8308246,550,16.97864465,0.66
-392,205,15,0.5,400,83.35432229,0.5,463.8403867,550,16.97447349,0.66
-391,206,15,0.5,400,83.35455166,0.5,463.8498726,550,16.9703024,0.66
-390,207,15,0.5,400,83.35470412,0.5,463.8592835,550,16.96613143,0.66
-389,208,15,0.5,400,83.35478105,0.5,463.8686204,550,16.96196062,0.66
-388,209,15,0.5,400,83.35478383,0.5,463.8778844,550,16.95778999,0.66
-387,210,15,0.5,400,83.35471379,0.5,463.8870766,550,16.95361957,0.66
-386,211,15,0.5,400,83.35457225,0.5,463.8961978,550,16.9494494,0.66
-385,212,15,0.5,400,83.3543605,0.5,463.9052492,550,16.94527952,0.66
-384,213,15,0.5,400,83.3540798,0.5,463.9142318,550,16.94110995,0.66
-383,214,15,0.5,400,83.35373141,0.5,463.9231465,550,16.93694072,0.66
-382,215,15,0.5,400,83.35331654,0.5,463.9319944,550,16.93277186,0.66
-381,216,15,0.5,400,83.35283641,0.5,463.9407762,550,16.9286034,0.66
-380,217,15,0.5,400,83.35229218,0.5,463.9494931,550,16.92443538,0.66
-379,218,15,0.5,400,83.35168501,0.5,463.9581459,550,16.92026782,0.66
-378,219,15,0.5,400,83.35101606,0.5,463.9667354,550,16.91610074,0.66
-377,220,15,0.5,400,83.35028642,0.5,463.9752627,550,16.91193418,0.66
-376,221,15,0.5,400,83.3494972,0.5,463.9837286,550,16.90776816,0.66
-375,222,15,0.5,400,83.34864948,0.5,463.9921339,550,16.9036027,0.66
-374,223,15,0.5,400,83.34774432,0.5,464.0004796,550,16.89943785,0.66
-373,224,15,0.5,400,83.34678275,0.5,464.0087664,550,16.8952736,0.66
-372,225,15,0.5,400,83.34576579,0.5,464.0169951,550,16.89111001,0.66
-371,226,15,0.5,400,83.34469445,0.5,464.0251667,550,16.88694708,0.66
-370,227,15,0.5,400,83.34356971,0.5,464.0332818,550,16.88278484,0.66
-369,228,15,0.5,400,83.34239254,0.5,464.0413414,550,16.87862333,0.66
-368,229,15,0.5,400,83.34116388,0.5,464.0493461,550,16.87446254,0.66
-367,230,15,0.5,400,83.33988467,0.5,464.0572967,550,16.87030252,0.66
-366,231,15,0.5,400,83.33855582,0.5,464.065194,550,16.86614329,0.66
-365,232,15,0.5,400,83.33717824,0.5,464.0730387,550,16.86198486,0.66
-364,233,15,0.5,400,83.3357528,0.5,464.0808316,550,16.85782726,0.66
-363,234,15,0.5,400,83.33428037,0.5,464.0885734,550,16.8536705,0.66
-362,235,15,0.5,400,83.3327618,0.5,464.0962647,550,16.84951462,0.66
-361,236,15,0.5,400,83.33119793,0.5,464.1039064,550,16.84535962,0.66
-360,237,15,0.5,400,83.32958958,0.5,464.111499,550,16.84120553,0.66
-359,238,15,0.5,400,83.32793755,0.5,464.1190433,550,16.83705237,0.66
-358,239,15,0.5,400,83.32624264,0.5,464.1265399,550,16.83290016,0.66
-357,240,15,0.5,400,83.32450562,0.5,464.1339895,550,16.82874892,0.66
-356,241,15,0.5,400,83.32272726,0.5,464.1413927,550,16.82459865,0.66
-355,242,15,0.5,400,83.3209083,0.5,464.1487503,550,16.8204494,0.66
-354,243,15,0.5,400,83.31904949,0.5,464.1560627,550,16.81630116,0.66
-353,244,15,0.5,400,83.31715154,0.5,464.1633306,550,16.81215396,0.66
-352,245,15,0.5,400,83.31521516,0.5,464.1705547,550,16.80800782,0.66
-351,246,15,0.5,400,83.31324106,0.5,464.1777355,550,16.80386275,0.66
-350,247,15,0.5,400,83.31122992,0.5,464.1848736,550,16.79971876,0.66
-349,248,15,0.5,400,83.3091824,0.5,464.1919696,550,16.79557589,0.66
-348,249,15,0.5,400,83.30709917,0.5,464.1990242,550,16.79143413,0.66
-347,250,15,0.5,400,83.30498088,0.5,464.2060377,550,16.78729351,0.66
-346,251,15,0.5,400,83.30282816,0.5,464.2130109,550,16.78315404,0.66
-345,252,15,0.5,400,83.30064165,0.5,464.2199443,550,16.77901574,0.66
-344,253,15,0.5,400,83.29842194,0.5,464.2268383,550,16.77487861,0.66
-343,254,15,0.5,400,83.29616966,0.5,464.2336936,550,16.77074269,0.66
-342,255,15,0.5,400,83.29388538,0.5,464.2405107,550,16.76660797,0.66
-341,256,15,0.5,400,83.29156969,0.5,464.24729,550,16.76247448,0.66
-340,257,15,0.5,400,83.28922317,0.5,464.2540322,550,16.75834223,0.66
-339,258,15,0.5,400,83.28684636,0.5,464.2607376,550,16.75421122,0.66
-338,259,15,0.5,400,83.28443983,0.5,464.2674068,550,16.75008148,0.66
-337,260,15,0.5,400,83.28200411,0.5,464.2740403,550,16.74595302,0.66
-336,261,15,0.5,400,83.27953974,0.5,464.2806385,550,16.74182585,0.66
-335,262,15,0.5,400,83.27704724,0.5,464.287202,550,16.73769998,0.66
-334,263,15,0.5,400,83.27452711,0.5,464.2937312,550,16.73357542,0.66
-333,264,15,0.5,400,83.27197987,0.5,464.3002266,550,16.72945219,0.66
-332,265,15,0.5,400,83.269406,0.5,464.3066885,550,16.7253303,0.66
-331,266,15,0.5,400,83.266806,0.5,464.3131175,550,16.72120975,0.66
-330,267,15,0.5,400,83.26418033,0.5,464.3195141,550,16.71709057,0.66
-329,268,15,0.5,400,83.26152947,0.5,464.3258785,550,16.71297276,0.66
-328,269,15,0.5,400,83.25885387,0.5,464.3322113,550,16.70885633,0.66
-327,270,15,0.5,400,83.256154,0.5,464.3385129,550,16.7047413,0.66
-326,271,15,0.5,400,83.25343028,0.5,464.3447837,550,16.70062767,0.66
-325,272,15,0.5,400,83.25068316,0.5,464.3510241,550,16.69651545,0.66
-324,273,15,0.5,400,83.24791306,0.5,464.3572345,550,16.69240466,0.66
-323,274,15,0.5,400,83.24512041,0.5,464.3634154,550,16.6882953,0.66
-322,275,15,0.5,400,83.24230561,0.5,464.369567,550,16.68418739,0.66
-321,276,15,0.5,400,83.23946907,0.5,464.3756898,550,16.68008093,0.66
-320,277,15,0.5,400,83.2366112,0.5,464.3817841,550,16.67597593,0.66
-319,278,15,0.5,400,83.23373237,0.5,464.3878505,550,16.67187241,0.66
-318,279,15,0.5,400,83.23083297,0.5,464.3938891,550,16.66777037,0.66
-317,280,15,0.5,400,83.22791338,0.5,464.3999004,550,16.66366981,0.66
-316,281,15,0.5,400,83.22497398,0.5,464.4058847,550,16.65957076,0.66
-315,282,15,0.5,400,83.22201511,0.5,464.4118424,550,16.65547321,0.66
-314,283,15,0.5,400,83.21903715,0.5,464.4177738,550,16.65137718,0.66
-313,284,15,0.5,400,83.21604043,0.5,464.4236793,550,16.64728267,0.66
-312,285,15,0.5,400,83.21302532,0.5,464.4295593,550,16.64318969,0.66
-311,286,15,0.5,400,83.20999213,0.5,464.435414,550,16.63909825,0.66
-310,287,15,0.5,400,83.20694121,0.5,464.4412437,550,16.63500836,0.66
-309,288,15,0.5,400,83.20387288,0.5,464.4470489,550,16.63092003,0.66
-308,289,15,0.5,400,83.20078747,0.5,464.4528298,550,16.62683325,0.66
-307,290,15,0.5,400,83.19768528,0.5,464.4585867,550,16.62274805,0.66
-306,291,15,0.5,400,83.19456662,0.5,464.4643199,550,16.61866442,0.66
-305,292,15,0.5,400,83.1914318,0.5,464.4700299,550,16.61458238,0.66
-304,293,15,0.5,400,83.18828113,0.5,464.4757167,550,16.61050192,0.66
-303,294,15,0.5,400,83.18511488,0.5,464.4813809,550,16.60642307,0.66
-302,295,15,0.5,400,83.18193334,0.5,464.4870225,550,16.60234582,0.66
-301,296,15,0.5,400,83.17873681,0.5,464.492642,550,16.59827018,0.66
-300,297,15,0.5,400,83.17552556,0.5,464.4982396,550,16.59419615,0.66
-299,298,15,0.5,400,83.17229985,0.5,464.5038157,550,16.59012375,0.66
-298,299,15,0.5,400,83.16905996,0.5,464.5093704,550,16.58605298,0.66
-297,300,15,0.5,400,83.16580615,0.5,464.514904,550,16.58198385,0.66
-296,301,15,0.5,400,83.16253868,0.5,464.5204169,550,16.57791635,0.66
-295,302,15,0.5,400,83.15925781,0.5,464.5259092,550,16.5738505,0.66
-294,303,15,0.5,400,83.15596377,0.5,464.5313813,550,16.56978631,0.66
-293,304,15,0.5,400,83.15265682,0.5,464.5368334,550,16.56572377,0.66
-292,305,15,0.5,400,83.14933719,0.5,464.5422657,550,16.5616629,0.66
-291,306,15,0.5,400,83.14600513,0.5,464.5476786,550,16.5576037,0.66
-290,307,15,0.5,400,83.14266086,0.5,464.5530722,550,16.55354617,0.66
-289,308,15,0.5,400,83.13930461,0.5,464.5584468,550,16.54949032,0.66
-288,309,15,0.5,400,83.13593661,0.5,464.5638026,550,16.54543615,0.66
-287,310,15,0.5,400,83.13255707,0.5,464.5691399,550,16.54138368,0.66
-286,311,15,0.5,400,83.12916621,0.5,464.574459,550,16.53733289,0.66
-285,312,15,0.5,400,83.12576424,0.5,464.5797599,550,16.53328381,0.66
-284,313,15,0.5,400,83.12235138,0.5,464.585043,550,16.52923643,0.66
-283,314,15,0.5,400,83.11892782,0.5,464.5903085,550,16.52519076,0.66
-282,315,15,0.5,400,83.11549376,0.5,464.5955567,550,16.52114681,0.66
-281,316,15,0.5,400,83.11204941,0.5,464.6007876,550,16.51710457,0.66
-280,317,15,0.5,400,83.10859496,0.5,464.6060016,550,16.51306405,0.66
-279,318,15,0.5,400,83.1051306,0.5,464.6111988,550,16.50902526,0.66
-278,319,15,0.5,400,83.10165651,0.5,464.6163795,550,16.50498819,0.66
-277,320,15,0.5,400,83.09817288,0.5,464.6215439,550,16.50095287,0.66
-276,321,15,0.5,400,83.09467988,0.5,464.6266921,550,16.49691928,0.66
-275,322,15,0.5,400,83.09117771,0.5,464.6318244,550,16.49288743,0.66
-274,323,15,0.5,400,83.08766652,0.5,464.636941,550,16.48885733,0.66
-273,324,15,0.5,400,83.0841465,0.5,464.642042,550,16.48482897,0.66
-272,325,15,0.5,400,83.0806178,0.5,464.6471277,550,16.48080237,0.66
-271,326,15,0.5,400,83.0770806,0.5,464.6521982,550,16.47677753,0.66
-270,327,15,0.5,400,83.07353506,0.5,464.6572538,550,16.47275445,0.66
-269,328,15,0.5,400,83.06998134,0.5,464.6622945,550,16.46873313,0.66
-268,329,15,0.5,400,83.06641958,0.5,464.6673207,550,16.46471358,0.66
-267,330,15,0.5,400,83.06284996,0.5,464.6723324,550,16.4606958,0.66
-266,331,15,0.5,400,83.05927261,0.5,464.6773299,550,16.45667979,0.66
-265,332,15,0.5,400,83.05568769,0.5,464.6823133,550,16.45266556,0.66
-264,333,15,0.5,400,83.05209534,0.5,464.6872828,550,16.44865311,0.66
-263,334,15,0.5,400,83.0484957,0.5,464.6922385,550,16.44464245,0.66
-262,335,15,0.5,400,83.04488892,0.5,464.6971807,550,16.44063357,0.66
-261,336,15,0.5,400,83.04127514,0.5,464.7021095,550,16.43662648,0.66
-260,337,15,0.5,400,83.03765448,0.5,464.707025,550,16.43262118,0.66
-259,338,15,0.5,400,83.03402709,0.5,464.7119275,550,16.42861768,0.66
-258,339,15,0.5,400,83.03039309,0.5,464.716817,550,16.42461597,0.66
-257,340,15,0.5,400,83.02675262,0.5,464.7216938,550,16.42061607,0.66
-256,341,15,0.5,400,83.02310579,0.5,464.726558,550,16.41661796,0.66
-255,342,15,0.5,400,83.01945274,0.5,464.7314096,550,16.41262167,0.66
-254,343,15,0.5,400,83.01579359,0.5,464.736249,550,16.40862718,0.66
-253,344,15,0.5,400,83.01212845,0.5,464.7410762,550,16.4046345,0.66
-252,345,15,0.5,400,83.00845744,0.5,464.7458914,550,16.40064364,0.66
-251,346,15,0.5,400,83.00478069,0.5,464.7506947,550,16.39665459,0.66
-250,347,15,0.5,400,83.0010983,0.5,464.7554863,550,16.39266736,0.66
-249,348,15,0.5,400,82.99741038,0.5,464.7602663,550,16.38868195,0.66
-248,349,15,0.5,400,82.99371705,0.5,464.7650348,550,16.38469836,0.66
-247,350,15,0.5,400,82.99001841,0.5,464.769792,550,16.3807166,0.66
-246,351,15,0.5,400,82.98631458,0.5,464.774538,550,16.37673666,0.66
-245,352,15,0.5,400,82.98260564,0.5,464.779273,550,16.37275855,0.66
-244,353,15,0.5,400,82.97889172,0.5,464.783997,550,16.36878228,0.66
-243,354,15,0.5,400,82.97517289,0.5,464.7887102,550,16.36480783,0.66
-242,355,15,0.5,400,82.97144928,0.5,464.7934128,550,16.36083522,0.66
-241,356,15,0.5,400,82.96772097,0.5,464.7981048,550,16.35686445,0.66
-240,357,15,0.5,400,82.96398805,0.5,464.8027864,550,16.35289552,0.66
-239,358,15,0.5,400,82.96025063,0.5,464.8074577,550,16.34892843,0.66
-238,359,15,0.5,400,82.95650879,0.5,464.8121188,550,16.34496318,0.66
-237,360,15,0.5,400,82.95276262,0.5,464.8167699,550,16.34099977,0.66
-236,361,15,0.5,400,82.94901222,0.5,464.821411,550,16.33703822,0.66
-235,362,15,0.5,400,82.94525767,0.5,464.8260423,550,16.33307851,0.66
-234,363,15,0.5,400,82.94149906,0.5,464.8306639,550,16.32912064,0.66
-233,364,15,0.5,400,82.93773647,0.5,464.8352759,550,16.32516463,0.66
-232,365,15,0.5,400,82.93396998,0.5,464.8398784,550,16.32121048,0.66
-231,366,15,0.5,400,82.93019968,0.5,464.8444715,550,16.31725817,0.66
-230,367,15,0.5,400,82.92642565,0.5,464.8490553,550,16.31330772,0.66
-229,368,15,0.5,400,82.92264796,0.5,464.85363,550,16.30935913,0.66
-228,369,15,0.5,400,82.91886669,0.5,464.8581956,550,16.3054124,0.66
-227,370,15,0.5,400,82.91508192,0.5,464.8627522,550,16.30146753,0.66
-226,371,15,0.5,400,82.91129373,0.5,464.8673,550,16.29752452,0.66
-225,372,15,0.5,400,82.90750218,0.5,464.871839,550,16.29358337,0.66
-224,373,15,0.5,400,82.90370735,0.5,464.8763694,550,16.28964409,0.66
-223,374,15,0.5,400,82.89990931,0.5,464.8808913,550,16.28570667,0.66
-222,375,15,0.5,400,82.89610812,0.5,464.8854046,550,16.28177112,0.66
-221,376,15,0.5,400,82.89230387,0.5,464.8899096,550,16.27783743,0.66
-220,377,15,0.5,400,82.88849661,0.5,464.8944064,550,16.27390562,0.66
-219,378,15,0.5,400,82.88468642,0.5,464.8988949,550,16.26997568,0.66
-218,379,15,0.5,400,82.88087335,0.5,464.9033754,550,16.2660476,0.66
-217,380,15,0.5,400,82.87705747,0.5,464.9078479,550,16.2621214,0.66
-216,381,15,0.5,400,82.87323884,0.5,464.9123125,550,16.25819708,0.66
-215,382,15,0.5,400,82.86941753,0.5,464.9167692,550,16.25427463,0.66
-214,383,15,0.5,400,82.8655936,0.5,464.9212183,550,16.25035405,0.66
-213,384,15,0.5,400,82.8617671,0.5,464.9256597,550,16.24643535,0.66
-212,385,15,0.5,400,82.8579381,0.5,464.9300935,550,16.24251853,0.66
-211,386,15,0.5,400,82.85410665,0.5,464.9345199,550,16.23860359,0.66
-210,387,15,0.5,400,82.8502728,0.5,464.9389388,550,16.23469053,0.66
-209,388,15,0.5,400,82.84643662,0.5,464.9433505,550,16.23077934,0.66
-208,389,15,0.5,400,82.84259816,0.5,464.9477549,550,16.22687004,0.66
-207,390,15,0.5,400,82.83875748,0.5,464.9521522,550,16.22296262,0.66
-206,391,15,0.5,400,82.83491462,0.5,464.9565424,550,16.21905709,0.66
-205,392,15,0.5,400,82.83106963,0.5,464.9609256,550,16.21515344,0.66
-204,393,15,0.5,400,82.82722258,0.5,464.965302,550,16.21125167,0.66
-203,394,15,0.5,400,82.82337351,0.5,464.9696714,550,16.20735179,0.66
-202,395,15,0.5,400,82.81952246,0.5,464.9740341,550,16.2034538,0.66
-201,396,15,0.5,400,82.81566949,0.5,464.9783901,550,16.19955769,0.66
-200,397,15,0.5,400,82.81181465,0.5,464.9827395,550,16.19566347,0.66
-199,398,15,0.5,400,82.80795798,0.5,464.9870823,550,16.19177114,0.66
-198,399,15,0.5,400,82.80409953,0.5,464.9914187,550,16.1878807,0.66
-197,400,15,0.5,400,82.80023934,0.5,464.9957486,550,16.18399215,0.66
-196,401,15,0.5,400,82.79637746,0.5,465.0000723,550,16.18010549,0.66
-195,402,15,0.5,400,82.79251393,0.5,465.0043896,550,16.17622072,0.66
-194,403,15,0.5,400,82.7886488,0.5,465.0087007,550,16.17233784,0.66
-193,404,15,0.5,400,82.78478211,0.5,465.0130057,550,16.16845686,0.66
-192,405,15,0.5,400,82.78091389,0.5,465.0173046,550,16.16457777,0.66
-191,406,15,0.5,400,82.7770442,0.5,465.0215975,550,16.16070057,0.66
-190,407,15,0.5,400,82.77317306,0.5,465.0258845,550,16.15682526,0.66
-189,408,15,0.5,400,82.76930053,0.5,465.0301656,550,16.15295185,0.66
-188,409,15,0.5,400,82.76542664,0.5,465.0344408,550,16.14908034,0.66
-187,410,15,0.5,400,82.76155142,0.5,465.0387103,550,16.14521072,0.66
-186,411,15,0.5,400,82.75767492,0.5,465.0429741,550,16.141343,0.66
-185,412,15,0.5,400,82.75379717,0.5,465.0472323,550,16.13747717,0.66
-184,413,15,0.5,400,82.74991821,0.5,465.0514848,550,16.13361324,0.66
-183,414,15,0.5,400,82.74603807,0.5,465.0557319,550,16.12975121,0.66
-182,415,15,0.5,400,82.7421568,0.5,465.0599735,550,16.12589107,0.66
-181,416,15,0.5,400,82.73827442,0.5,465.0642097,550,16.12203284,0.66
-180,417,15,0.5,400,82.73439096,0.5,465.0684405,550,16.1181765,0.66
-179,418,15,0.5,400,82.73050647,0.5,465.072666,550,16.11432206,0.66
-178,419,15,0.5,400,82.72662098,0.5,465.0768863,550,16.11046952,0.66
-177,420,15,0.5,400,82.72273451,0.5,465.0811014,550,16.10661888,0.66
-176,421,15,0.5,400,82.7188471,0.5,465.0853113,550,16.10277014,0.66
-175,422,15,0.5,400,82.71495878,0.5,465.0895162,550,16.0989233,0.66
-174,423,15,0.5,400,82.71106958,0.5,465.093716,550,16.09507836,0.66
-173,424,15,0.5,400,82.70717954,0.5,465.0979109,550,16.09123532,0.66
-172,425,15,0.5,400,82.70328867,0.5,465.1021008,550,16.08739419,0.66
-171,426,15,0.5,400,82.69939702,0.5,465.1062858,550,16.08355495,0.66
-170,427,15,0.5,400,82.69550461,0.5,465.110466,550,16.07971762,0.66
-169,428,15,0.5,400,82.69161146,0.5,465.1146415,550,16.07588219,0.66
-168,429,15,0.5,400,82.68771761,0.5,465.1188121,550,16.07204866,0.66
-167,430,15,0.5,400,82.68382309,0.5,465.1229781,550,16.06821703,0.66
-166,431,15,0.5,400,82.67992791,0.5,465.1271395,550,16.0643873,0.66
-165,432,15,0.5,400,82.67603211,0.5,465.1312962,550,16.06055948,0.66
-164,433,15,0.5,400,82.67213572,0.5,465.1354484,550,16.05673356,0.66
-163,434,15,0.5,400,82.66823875,0.5,465.1395961,550,16.05290955,0.66
-162,435,15,0.5,400,82.66434124,0.5,465.1437393,550,16.04908743,0.66
-161,436,15,0.5,400,82.6604432,0.5,465.1478782,550,16.04526722,0.66
-160,437,15,0.5,400,82.65654467,0.5,465.1520126,550,16.04144892,0.66
-159,438,15,0.5,400,82.65264567,0.5,465.1561427,550,16.03763252,0.66
-158,439,15,0.5,400,82.64874622,0.5,465.1602685,550,16.03381802,0.66
-157,440,15,0.5,400,82.64484634,0.5,465.1643901,550,16.03000542,0.66
-156,441,15,0.5,400,82.64094606,0.5,465.1685074,550,16.02619473,0.66
-155,442,15,0.5,400,82.6370454,0.5,465.1726206,550,16.02238595,0.66
-154,443,15,0.5,400,82.63314438,0.5,465.1767296,550,16.01857906,0.66
-153,444,15,0.5,400,82.62924302,0.5,465.1808346,550,16.01477409,0.66
-152,445,15,0.5,400,82.62534135,0.5,465.1849355,550,16.01097101,0.66
-151,446,15,0.5,400,82.62143939,0.5,465.1890324,550,16.00716985,0.66
-150,447,15,0.5,400,82.61753715,0.5,465.1931254,550,16.00337058,0.66
-149,448,15,0.5,400,82.61363466,0.5,465.1972143,550,15.99957322,0.66
-148,449,15,0.5,400,82.60973194,0.5,465.2012994,550,15.99577777,0.66
-147,450,15,0.5,400,82.60582901,0.5,465.2053807,550,15.99198422,0.66
-146,451,15,0.5,400,82.60192588,0.5,465.2094581,550,15.98819257,0.66
-145,452,15,0.5,400,82.59802258,0.5,465.2135317,550,15.98440283,0.66
-144,453,15,0.5,400,82.59411912,0.5,465.2176015,550,15.98061499,0.66
-143,454,15,0.5,400,82.59021553,0.5,465.2216677,550,15.97682906,0.66
-142,455,15,0.5,400,82.58631182,0.5,465.2257301,550,15.97304503,0.66
-141,456,15,0.5,400,82.58240801,0.5,465.2297889,550,15.96926291,0.66
-140,457,15,0.5,400,82.57850412,0.5,465.2338441,550,15.96548269,0.66
-139,458,15,0.5,400,82.57460016,0.5,465.2378957,550,15.96170438,0.66
-138,459,15,0.5,400,82.57069615,0.5,465.2419437,550,15.95792797,0.66
-137,460,15,0.5,400,82.56679211,0.5,465.2459882,550,15.95415347,0.66
-136,461,15,0.5,400,82.56288806,0.5,465.2500292,550,15.95038087,0.66
-135,462,15,0.5,400,82.55898401,0.5,465.2540668,550,15.94661017,0.66
-134,463,15,0.5,400,82.55507998,0.5,465.2581009,550,15.94284138,0.66
-133,464,15,0.5,400,82.55117598,0.5,465.2621317,550,15.93907449,0.66
-132,465,15,0.5,400,82.54727203,0.5,465.266159,550,15.93530951,0.66
-131,466,15,0.5,400,82.54336815,0.5,465.2701831,550,15.93154643,0.66
-130,467,15,0.5,400,82.53946434,0.5,465.2742038,550,15.92778525,0.66
-129,468,15,0.5,400,82.53556063,0.5,465.2782212,550,15.92402598,0.66
-128,469,15,0.5,400,82.53165703,0.5,465.2822354,550,15.92026861,0.66
-127,470,15,0.5,400,82.52775355,0.5,465.2862464,550,15.91651315,0.66
-126,471,15,0.5,400,82.52385022,0.5,465.2902542,550,15.91275959,0.66
-125,472,15,0.5,400,82.51994703,0.5,465.2942588,550,15.90900793,0.66
-124,473,15,0.5,400,82.51604401,0.5,465.2982603,550,15.90525818,0.66
-123,474,15,0.5,400,82.51214116,0.5,465.3022586,550,15.90151033,0.66
-122,475,15,0.5,400,82.50823851,0.5,465.3062539,550,15.89776438,0.66
-121,476,15,0.5,400,82.50433607,0.5,465.3102461,550,15.89402034,0.66
-120,477,15,0.5,400,82.50043384,0.5,465.3142353,550,15.89027819,0.66
-119,478,15,0.5,400,82.49653185,0.5,465.3182215,550,15.88653795,0.66
-118,479,15,0.5,400,82.4926301,0.5,465.3222046,550,15.88279962,0.66
-117,480,15,0.5,400,82.4887286,0.5,465.3261849,550,15.87906318,0.66
-116,481,15,0.5,400,82.48482737,0.5,465.3301622,550,15.87532865,0.66
-115,482,15,0.5,400,82.48092643,0.5,465.3341365,550,15.87159602,0.66
-114,483,15,0.5,400,82.47702577,0.5,465.338108,550,15.86786529,0.66
-113,484,15,0.5,400,82.47312542,0.5,465.3420767,550,15.86413646,0.66
-112,485,15,0.5,400,82.46922538,0.5,465.3460425,550,15.86040953,0.66
-111,486,15,0.5,400,82.46532567,0.5,465.3500055,550,15.85668451,0.66
-110,487,15,0.5,400,82.4614263,0.5,465.3539657,550,15.85296139,0.66
-109,488,15,0.5,400,82.45752728,0.5,465.3579231,550,15.84924016,0.66
-108,489,15,0.5,400,82.45362861,0.5,465.3618778,550,15.84552084,0.66
-107,490,15,0.5,400,82.44973031,0.5,465.3658297,550,15.84180342,0.66
-106,491,15,0.5,400,82.4458324,0.5,465.369779,550,15.83808789,0.66
-105,492,15,0.5,400,82.44193487,0.5,465.3737255,550,15.83437427,0.66
-104,493,15,0.5,400,82.43803774,0.5,465.3776694,550,15.83066255,0.66
-103,494,15,0.5,400,82.43414103,0.5,465.3816107,550,15.82695273,0.66
-102,495,15,0.5,400,82.43024473,0.5,465.3855494,550,15.8232448,0.66
-101,496,15,0.5,400,82.42634886,0.5,465.3894854,550,15.81953878,0.66
-100,497,15,0.5,400,82.42245344,0.5,465.3934189,550,15.81583465,0.66
-99,498,15,0.5,400,82.41855846,0.5,465.3973498,550,15.81213242,0.66
-98,499,15,0.5,400,82.41466394,0.5,465.4012781,550,15.80843209,0.66
-97,500,15,0.5,400,82.41076988,0.5,465.405204,550,15.80473366,0.66
-96,501,15,0.5,400,82.40687631,0.5,465.4091273,550,15.80103713,0.66
-95,502,15,0.5,400,82.40298321,0.5,465.4130482,550,15.79734249,0.66
-94,503,15,0.5,400,82.39909061,0.5,465.4169666,550,15.79364975,0.66
-93,504,15,0.5,400,82.39519852,0.5,465.4208826,550,15.78995891,0.66
-92,505,15,0.5,400,82.39130693,0.5,465.4247961,550,15.78626997,0.66
-91,506,15,0.5,400,82.38741586,0.5,465.4287072,550,15.78258292,0.66
-90,507,15,0.5,400,82.38352532,0.5,465.4326159,550,15.77889777,0.66
-89,508,15,0.5,400,82.37963532,0.5,465.4365223,550,15.77521451,0.66
-88,509,15,0.5,400,82.37574585,0.5,465.4404263,550,15.77153315,0.66
-87,510,15,0.5,400,82.37185694,0.5,465.4443279,550,15.76785368,0.66
-86,511,15,0.5,400,82.36796859,0.5,465.4482273,550,15.76417611,0.66
-85,512,15,0.5,400,82.3640808,0.5,465.4521243,550,15.76050044,0.66
-84,513,15,0.5,400,82.36019359,0.5,465.456019,550,15.75682666,0.66
-83,514,15,0.5,400,82.35630696,0.5,465.4599115,550,15.75315477,0.66
-82,515,15,0.5,400,82.35242092,0.5,465.4638017,550,15.74948478,0.66
-81,516,15,0.5,400,82.34853547,0.5,465.4676897,550,15.74581668,0.66
-80,517,15,0.5,400,82.34465062,0.5,465.4715754,550,15.74215047,0.66
-79,518,15,0.5,400,82.34076639,0.5,465.475459,550,15.73848616,0.66
-78,519,15,0.5,400,82.33688277,0.5,465.4793403,550,15.73482374,0.66
-77,520,15,0.5,400,82.33299978,0.5,465.4832194,550,15.73116321,0.66
-76,521,15,0.5,400,82.32911742,0.5,465.4870964,550,15.72750458,0.66
-75,522,15,0.5,400,82.32523569,0.5,465.4909713,550,15.72384783,0.66
-74,523,15,0.5,400,82.32135461,0.5,465.494844,550,15.72019298,0.66
-73,524,15,0.5,400,82.31747418,0.5,465.4987145,550,15.71654002,0.66
-72,525,15,0.5,400,82.3135944,0.5,465.502583,550,15.71288895,0.66
-71,526,15,0.5,400,82.30971528,0.5,465.5064494,550,15.70923977,0.66
-70,527,15,0.5,400,82.30583684,0.5,465.5103137,550,15.70559248,0.66
-69,528,15,0.5,400,82.30195907,0.5,465.5141759,550,15.70194708,0.66
-68,529,15,0.5,400,82.29808198,0.5,465.5180361,550,15.69830357,0.66
-67,530,15,0.5,400,82.29420558,0.5,465.5218942,550,15.69466195,0.66
-66,531,15,0.5,400,82.29032986,0.5,465.5257503,550,15.69102222,0.66
-65,532,15,0.5,400,82.28645485,0.5,465.5296044,550,15.68738438,0.66
-64,533,15,0.5,400,82.28258054,0.5,465.5334565,550,15.68374842,0.66
-63,534,15,0.5,400,82.27870694,0.5,465.5373066,550,15.68011435,0.66
-62,535,15,0.5,400,82.27483406,0.5,465.5411548,550,15.67648217,0.66
-61,536,15,0.5,400,82.27096189,0.5,465.5450009,550,15.67285188,0.66
-60,537,15,0.5,400,82.26709046,0.5,465.5488452,550,15.66922347,0.66
-59,538,15,0.5,400,82.26321975,0.5,465.5526874,550,15.66559696,0.66
-58,539,15,0.5,400,82.25934978,0.5,465.5565278,550,15.66197232,0.66
-57,540,15,0.5,400,82.25548055,0.5,465.5603662,550,15.65834957,0.66
-56,541,15,0.5,400,82.25161207,0.5,465.5642027,550,15.65472871,0.66
-55,542,15,0.5,400,82.24774433,0.5,465.5680374,550,15.65110973,0.66
-54,543,15,0.5,400,82.24387736,0.5,465.5718701,550,15.64749264,0.66
-53,544,15,0.5,400,82.24001114,0.5,465.575701,550,15.64387743,0.66
-52,545,15,0.5,400,82.2361457,0.5,465.57953,550,15.64026411,0.66
-51,546,15,0.5,400,82.23228102,0.5,465.5833572,550,15.63665267,0.66
-50,547,15,0.5,400,82.22841712,0.5,465.5871825,550,15.63304311,0.66
-49,548,15,0.5,400,82.224554,0.5,465.591006,550,15.62943543,0.66
-48,549,15,0.5,400,82.22069166,0.5,465.5948277,550,15.62582964,0.66
-47,550,15,0.5,400,82.21683011,0.5,465.5986475,550,15.62222573,0.66
-46,551,15,0.5,400,82.21296936,0.5,465.6024656,550,15.6186237,0.66
-45,552,15,0.5,400,82.2091094,0.5,465.6062819,550,15.61502356,0.66
-44,553,15,0.5,400,82.20525025,0.5,465.6100964,550,15.61142529,0.66
-43,554,15,0.5,400,82.2013919,0.5,465.6139092,550,15.6078289,0.66
-42,555,15,0.5,400,82.19753437,0.5,465.6177201,550,15.6042344,0.66
-41,556,15,0.5,400,82.19367765,0.5,465.6215294,550,15.60064177,0.66
-40,557,15,0.5,400,82.18982175,0.5,465.6253369,550,15.59705102,0.66
-39,558,15,0.5,400,82.18596667,0.5,465.6291426,550,15.59346216,0.66
-38,559,15,0.5,400,82.18211242,0.5,465.6329467,550,15.58987517,0.66
-37,560,15,0.5,400,82.178259,0.5,465.636749,550,15.58629006,0.66
-36,561,15,0.5,400,82.17440641,0.5,465.6405496,550,15.58270682,0.66
-35,562,15,0.5,400,82.17055467,0.5,465.6443486,550,15.57912547,0.66
-34,563,15,0.5,400,82.16670376,0.5,465.6481458,550,15.57554599,0.66
-33,564,15,0.5,400,82.16285371,0.5,465.6519414,550,15.57196839,0.66
-32,565,15,0.5,400,82.1590045,0.5,465.6557353,550,15.56839266,0.66
-31,566,15,0.5,400,82.15515615,0.5,465.6595276,550,15.56481881,0.66
-30,567,15,0.5,400,82.15130865,0.5,465.6633181,550,15.56124684,0.66
-29,568,15,0.5,400,82.14746202,0.5,465.6671071,550,15.55767674,0.66
-28,569,15,0.5,400,82.14361625,0.5,465.6708944,550,15.55410852,0.66
-27,570,15,0.5,400,82.13977134,0.5,465.6746801,550,15.55054217,0.66
-26,571,15,0.5,400,82.13592731,0.5,465.6784642,550,15.54697769,0.66
-25,572,15,0.5,400,82.13208416,0.5,465.6822466,550,15.54341509,0.66
-24,573,15,0.5,400,82.12824188,0.5,465.6860275,550,15.53985436,0.66
-23,574,15,0.5,400,82.12440048,0.5,465.6898067,550,15.5362955,0.66
-22,575,15,0.5,400,82.12055997,0.5,465.6935844,550,15.53273852,0.66
-21,576,15,0.5,400,82.11672035,0.5,465.6973604,550,15.5291834,0.66
-20,577,15,0.5,400,82.11288161,0.5,465.7011349,550,15.52563016,0.66
-19,578,15,0.5,400,82.10904378,0.5,465.7049079,550,15.52207879,0.66
-18,579,15,0.5,400,82.10520684,0.5,465.7086793,550,15.51852929,0.66
-17,580,15,0.5,400,82.1013708,0.5,465.7124491,550,15.51498166,0.66
-16,581,15,0.5,400,82.09753566,0.5,465.7162174,550,15.5114359,0.66
-15,582,15,0.5,400,82.09370143,0.5,465.7199841,550,15.50789201,0.66
-14,583,15,0.5,400,82.08986811,0.5,465.7237493,550,15.50434999,0.66
-13,584,15,0.5,400,82.0860357,0.5,465.727513,550,15.50080983,0.66
-12,585,15,0.5,400,82.0822042,0.5,465.7312751,550,15.49727155,0.66
-11,586,15,0.5,400,82.07837363,0.5,465.7350358,550,15.49373513,0.66
-10,587,15,0.5,400,82.07454398,0.5,465.7387949,550,15.49020058,0.66
-9,588,15,0.5,400,82.07071525,0.5,465.7425525,550,15.48666789,0.66
-8,589,15,0.5,400,82.06688744,0.5,465.7463087,550,15.48313708,0.66
-7,590,15,0.5,400,82.06306057,0.5,465.7500633,550,15.47960812,0.66
-6,591,15,0.5,400,82.05923462,0.5,465.7538165,550,15.47608104,0.66
-5,592,15,0.5,400,82.05540962,0.5,465.7575681,550,15.47255582,0.66
-4,593,15,0.5,400,82.05158555,0.5,465.7613184,550,15.46903246,0.66
-3,594,15,0.5,400,82.04776242,0.5,465.7650671,550,15.46551097,0.66
-2,595,15,0.5,400,82.04394023,0.5,465.7688144,550,15.46199134,0.66
-1,596,15,0.5,400,82.04011898,0.5,465.7725602,550,15.45847357,0.66
0,597,15,0.5,400,82.03629869,0.5,465.7763046,550,15.45495767,0.66
